应用包名,com.duowan.live
应用名称,虎牙助手
应用PID,7376
机器内存大小(MB),2774.59MB
机器CPU型号,
Android系统版本,6.0
手机型号,MI 5
UID,10527
时间,栈顶Activity名称,应用占用内存PSS(MB),应用占用内存比(%),机器剩余内存(MB),应用占用CPU率(%),CPU总使用率(%),cpu0总使用率(%),cpu1总使用率(%),cpu2总使用率(%),cpu3总使用率(%),流量(KB),电量(%),电流(mA),温度(C),电压(V),帧率
2017-03-21 15:35:59,ComponentInfo{com.netease.qa.emmagee/com.netease.qa.emmagee.activity.MainPageActivity},134.61,4.85,1032.85,0,0,0.00,0.00,0.00,0.00,17,100,437,29.5,4.402,-1.0
2017-03-21 15:36:05,ComponentInfo{com.netease.qa.emmagee/com.netease.qa.emmagee.activity.MainPageActivity},136.85,4.93,1022.74,7.52,24.64,34.33,29.59,16.90,17.84,43,100,437,29.5,4.402,-1.0
2017-03-21 15:36:10,ComponentInfo{com.netease.qa.emmagee/com.netease.qa.emmagee.activity.MainPageActivity},164.33,5.92,1035.68,16.03,37.49,52.49,44.76,24.59,27.83,77,100,N/A,29.5,4.402,-1.0
2017-03-21 15:36:15,ComponentInfo{com.netease.qa.emmagee/com.netease.qa.emmagee.activity.MainPageActivity},242.78,8.75,948.75,42.28,74.86,78.24,74.22,73.64,73.27,526,100,N/A,29.5,4.402,-1.0
2017-03-21 15:36:20,ComponentInfo{com.netease.qa.emmagee/com.netease.qa.emmagee.activity.MainPageActivity},239.96,8.65,941.16,47.88,74.52,79.34,77.48,70.37,70.86,2857,100,N/A,29.5,4.402,-1.0
2017-03-21 15:36:26,ComponentInfo{com.netease.qa.emmagee/com.netease.qa.emmagee.activity.MainPageActivity},241.25,8.70,931.44,44.28,72.79,77.64,76.76,69.65,67.24,4890,100,N/A,29.5,4.402,-1.0
2017-03-21 15:36:31,ComponentInfo{com.netease.qa.emmagee/com.netease.qa.emmagee.activity.MainPageActivity},244.06,8.80,926.22,45.28,75.24,80.77,78.38,70.27,71.70,6572,100,N/A,29.5,4.402,-1.0
2017-03-21 15:36:36,ComponentInfo{com.netease.qa.emmagee/com.netease.qa.emmagee.activity.MainPageActivity},246.12,8.87,922.32,38.80,69.13,74.57,72.00,65.90,64.15,7739,100,N/A,32.0,4.242,-1.0
2017-03-21 15:36:42,ComponentInfo{com.netease.qa.emmagee/com.netease.qa.emmagee.activity.MainPageActivity},246.28,8.88,919.71,36.04,69.35,73.97,72.99,66.02,64.52,9973,100,N/A,32.0,4.242,-1.0
2017-03-21 15:36:47,ComponentInfo{com.netease.qa.emmagee/com.netease.qa.emmagee.activity.MainPageActivity},247.33,8.91,918.14,32.28,66.46,71.68,68.24,63.23,62.67,12029,100,N/A,32.0,4.242,-1.0
2017-03-21 15:36:52,ComponentInfo{com.netease.qa.emmagee/com.netease.qa.emmagee.activity.MainPageActivity},249.64,9.00,905.72,44.34,73.26,78.23,76.42,69.43,69.10,13352,100,N/A,32.0,4.242,-1.0
2017-03-21 15:36:58,ComponentInfo{com.netease.qa.emmagee/com.netease.qa.emmagee.activity.MainPageActivity},249.51,8.99,909.82,42.46,71.87,78.08,74.46,67.13,67.59,14887,100,N/A,32.0,4.242,-1.0
2017-03-21 15:37:03,ComponentInfo{com.netease.qa.emmagee/com.netease.qa.emmagee.activity.MainPageActivity},250.52,9.03,898.66,36.62,70.71,74.65,72.27,68.65,67.43,17028,100,N/A,32.0,4.242,-1.0
2017-03-21 15:37:08,ComponentInfo{com.netease.qa.emmagee/com.netease.qa.emmagee.activity.MainPageActivity},250.66,9.03,897.89,33.16,67.75,71.81,69.83,65.85,63.51,19137,100,N/A,32.0,4.242,-1.0
2017-03-21 15:37:14,ComponentInfo{com.netease.qa.emmagee/com.netease.qa.emmagee.activity.MainPageActivity},251.58,9.07,897.45,38.86,69.00,73.96,71.92,64.50,65.60,20139,100,N/A,32.0,4.242,-1.0
2017-03-21 15:37:19,ComponentInfo{com.netease.qa.emmagee/com.netease.qa.emmagee.activity.MainPageActivity},250.80,9.04,903.73,43.78,72.64,76.40,76.58,69.10,68.51,22056,100,N/A,32.0,4.242,-1.0
2017-03-21 15:37:24,ComponentInfo{com.netease.qa.emmagee/com.netease.qa.emmagee.activity.MainPageActivity},253.14,9.12,903.55,39.12,69.17,74.46,74.47,65.62,62.06,23973,100,N/A,32.0,4.242,-1.0
2017-03-21 15:37:30,ComponentInfo{com.netease.qa.emmagee/com.netease.qa.emmagee.activity.MainPageActivity},253.22,9.13,894.44,43.46,71.17,78.23,72.48,68.92,65.06,24993,100,N/A,32.0,4.242,-1.0
2017-03-21 15:37:35,ComponentInfo{com.netease.qa.emmagee/com.netease.qa.emmagee.activity.MainPageActivity},254.20,9.16,891.71,42.32,71.11,78.11,73.80,67.44,64.67,25837,100,N/A,34.2,4.153,-1.0
2017-03-21 15:37:40,ComponentInfo{com.netease.qa.emmagee/com.netease.qa.emmagee.activity.MainPageActivity},254.81,9.18,891.43,38.17,69.27,75.18,73.02,64.97,63.55,26690,100,N/A,34.2,4.153,-1.0
2017-03-21 15:37:46,ComponentInfo{com.netease.qa.emmagee/com.netease.qa.emmagee.activity.MainPageActivity},255.68,9.21,881.36,42.67,70.41,76.81,74.37,65.54,65.01,27546,100,N/A,34.2,4.153,-1.0
2017-03-21 15:37:51,ComponentInfo{com.netease.qa.emmagee/com.netease.qa.emmagee.activity.MainPageActivity},256.06,9.23,872.75,43.31,70.80,77.27,74.14,66.48,65.26,28487,100,N/A,34.2,4.153,-1.0
2017-03-21 15:37:57,ComponentInfo{com.netease.qa.emmagee/com.netease.qa.emmagee.activity.MainPageActivity},257.17,9.27,872.05,42.01,68.90,75.43,71.12,65.12,64.12,29371,100,N/A,34.2,4.153,-1.0
2017-03-21 15:38:02,ComponentInfo{com.netease.qa.emmagee/com.netease.qa.emmagee.activity.MainPageActivity},257.55,9.28,870.59,42.47,68.29,74.65,71.71,64.72,62.28,30302,100,N/A,34.2,4.153,-1.0
2017-03-21 15:38:07,ComponentInfo{com.netease.qa.emmagee/com.netease.qa.emmagee.activity.MainPageActivity},257.09,9.27,871.58,40.53,68.76,75.34,72.19,65.03,62.48,31260,100,N/A,34.2,4.153,-1.0
2017-03-21 15:38:13,ComponentInfo{com.netease.qa.emmagee/com.netease.qa.emmagee.activity.MainPageActivity},257.28,9.27,871.26,41.37,68.82,74.66,72.04,64.98,63.89,32268,100,N/A,34.2,4.153,-1.0
2017-03-21 15:38:18,ComponentInfo{com.netease.qa.emmagee/com.netease.qa.emmagee.activity.MainPageActivity},257.32,9.27,914.71,44.30,71.28,77.20,74.67,67.98,65.14,33260,100,N/A,34.2,4.153,-1.0
2017-03-21 15:38:24,ComponentInfo{com.netease.qa.emmagee/com.netease.qa.emmagee.activity.MainPageActivity},257.96,9.30,918.46,44.15,69.64,75.82,73.08,65.50,64.47,34278,100,N/A,34.2,4.153,-1.0
2017-03-21 15:38:29,ComponentInfo{com.netease.qa.emmagee/com.netease.qa.emmagee.activity.MainPageActivity},257.82,9.29,917.91,44.21,70.48,76.44,74.29,66.41,64.82,35293,100,N/A,34.2,4.153,-1.0
2017-03-21 15:38:35,ComponentInfo{com.netease.qa.emmagee/com.netease.qa.emmagee.activity.MainPageActivity},259.99,9.37,915.78,44.43,73.11,79.22,75.95,69.79,67.53,36347,100,N/A,34.2,4.153,-1.0
2017-03-21 15:38:40,ComponentInfo{com.netease.qa.emmagee/com.netease.qa.emmagee.activity.MainPageActivity},259.06,9.34,908.32,43.86,72.85,78.92,76.99,68.56,66.67,37445,100,N/A,35.7,4.112,-1.0
2017-03-21 15:38:46,ComponentInfo{com.netease.qa.emmagee/com.netease.qa.emmagee.activity.MainPageActivity},258.80,9.33,908.21,45.91,70.24,76.72,74.07,65.99,64.07,38507,100,N/A,35.7,4.112,-1.0
2017-03-21 15:38:51,ComponentInfo{com.netease.qa.emmagee/com.netease.qa.emmagee.activity.MainPageActivity},259.38,9.35,906.96,45.00,69.58,76.91,73.55,64.07,63.92,39541,100,N/A,35.7,4.112,-1.0
2017-03-21 15:38:56,ComponentInfo{com.netease.qa.emmagee/com.netease.qa.emmagee.activity.MainPageActivity},260.01,9.37,905.60,45.85,72.64,79.18,76.31,68.38,66.54,40617,100,N/A,35.7,4.112,-1.0
2017-03-21 15:39:02,ComponentInfo{com.netease.qa.emmagee/com.netease.qa.emmagee.activity.MainPageActivity},259.74,9.36,905.94,44.67,71.11,78.27,75.05,66.98,63.95,41723,100,N/A,35.7,4.112,-1.0
2017-03-21 15:39:07,ComponentInfo{com.netease.qa.emmagee/com.netease.qa.emmagee.activity.MainPageActivity},260.36,9.38,895.49,45.29,70.29,76.34,72.62,67.35,65.04,42823,100,N/A,35.7,4.112,-1.0
2017-03-21 15:39:13,ComponentInfo{com.netease.qa.emmagee/com.netease.qa.emmagee.activity.MainPageActivity},261.53,9.43,895.29,45.09,71.76,77.34,75.27,68.01,66.48,43946,100,N/A,35.7,4.112,-1.0
2017-03-21 15:39:18,ComponentInfo{com.netease.qa.emmagee/com.netease.qa.emmagee.activity.MainPageActivity},261.11,9.41,894.34,45.25,70.18,77.18,72.29,66.31,65.43,45005,100,N/A,35.7,4.112,-1.0
2017-03-21 15:39:24,ComponentInfo{com.netease.qa.emmagee/com.netease.qa.emmagee.activity.MainPageActivity},260.94,9.40,893.39,45.86,70.86,76.86,75.75,64.75,66.23,46095,99,N/A,37.0,4.132,-1.0
2017-03-21 15:39:29,ComponentInfo{com.netease.qa.emmagee/com.netease.qa.emmagee.activity.MainPageActivity},262.71,9.47,880.39,45.77,71.06,77.67,74.81,65.05,66.60,47233,99,N/A,37.0,4.132,-1.0
2017-03-21 15:39:35,ComponentInfo{com.netease.qa.emmagee/com.netease.qa.emmagee.activity.MainPageActivity},261.48,9.42,880.97,45.22,70.95,76.62,72.67,67.43,67.16,48321,99,N/A,37.0,4.132,-1.0
2017-03-21 15:39:40,ComponentInfo{com.netease.qa.emmagee/com.netease.qa.emmagee.activity.MainPageActivity},261.46,9.42,880.54,43.37,71.80,77.07,75.61,67.65,66.98,49382,99,N/A,37.0,4.132,-1.0
2017-03-21 15:39:46,ComponentInfo{com.netease.qa.emmagee/com.netease.qa.emmagee.activity.MainPageActivity},261.43,9.42,879.48,41.48,76.03,81.28,78.33,72.95,71.46,50467,99,N/A,37.0,4.132,-1.0
2017-03-21 15:39:51,ComponentInfo{com.netease.qa.emmagee/com.netease.qa.emmagee.activity.MainPageActivity},262.25,9.45,877.93,46.29,71.42,77.43,74.42,65.73,68.13,51612,99,N/A,37.0,4.132,-1.0
2017-03-21 15:39:57,ComponentInfo{com.netease.qa.emmagee/com.netease.qa.emmagee.activity.MainPageActivity},262.12,9.45,866.89,56.10,85.55,90.29,86.86,82.50,82.47,52759,99,N/A,37.0,4.132,-1.0
2017-03-21 15:40:02,ComponentInfo{com.netease.qa.emmagee/com.netease.qa.emmagee.activity.MainPageActivity},262.59,9.46,865.14,44.94,70.00,76.43,73.08,67.27,63.33,53842,99,N/A,37.0,4.132,-1.0
2017-03-21 15:40:08,ComponentInfo{com.netease.qa.emmagee/com.netease.qa.emmagee.activity.MainPageActivity},264.20,9.52,864.48,52.94,82.40,87.59,85.98,77.64,78.37,54965,99,N/A,37.0,4.132,-1.0
2017-03-21 15:40:14,ComponentInfo{com.netease.qa.emmagee/com.netease.qa.emmagee.activity.MainPageActivity},264.58,9.54,863.18,57.06,86.61,90.13,88.66,84.18,83.24,56079,99,N/A,37.0,4.132,-1.0
2017-03-21 15:40:20,ComponentInfo{com.netease.qa.emmagee/com.netease.qa.emmagee.activity.MainPageActivity},263.17,9.49,896.72,52.98,89.27,91.52,90.50,87.41,87.67,57196,99,N/A,37.0,4.132,-1.0
2017-03-21 15:40:25,ComponentInfo{com.netease.qa.emmagee/com.netease.qa.emmagee.activity.MainPageActivity},264.35,9.53,900.18,54.70,85.63,89.44,87.43,82.85,82.70,58214,99,N/A,38.0,4.148,-1.0
2017-03-21 15:40:31,ComponentInfo{com.netease.qa.emmagee/com.netease.qa.emmagee.activity.MainPageActivity},264.97,9.55,900.32,54.30,87.30,90.12,89.39,85.03,84.72,59299,99,N/A,38.0,4.148,-1.0
2017-03-21 15:40:37,ComponentInfo{com.netease.qa.emmagee/com.netease.qa.emmagee.activity.MainPageActivity},263.83,9.51,899.86,53.59,88.06,91.25,89.57,85.95,85.50,60429,99,N/A,38.0,4.148,-1.0
2017-03-21 15:40:43,ComponentInfo{com.netease.qa.emmagee/com.netease.qa.emmagee.activity.MainPageActivity},266.84,9.62,886.25,53.67,91.92,93.30,92.97,90.38,90.97,61606,99,N/A,38.0,4.148,-1.0
2017-03-21 15:40:49,ComponentInfo{com.netease.qa.emmagee/com.netease.qa.emmagee.activity.MainPageActivity},265.36,9.56,892.68,54.08,91.24,93.03,91.97,89.69,90.24,62764,99,N/A,38.0,4.148,-1.0
2017-03-21 15:40:55,ComponentInfo{com.netease.qa.emmagee/com.netease.qa.emmagee.activity.MainPageActivity},265.31,9.56,891.09,54.00,92.85,94.47,93.22,91.98,91.75,63872,99,N/A,38.0,4.148,-1.0
2017-03-21 15:41:01,ComponentInfo{com.netease.qa.emmagee/com.netease.qa.emmagee.activity.MainPageActivity},265.63,9.57,890.09,53.23,92.51,93.81,93.45,91.72,91.09,65064,99,N/A,38.0,4.148,-1.0
2017-03-21 15:41:08,ComponentInfo{com.netease.qa.emmagee/com.netease.qa.emmagee.activity.MainPageActivity},266.83,9.62,879.45,52.84,93.27,94.36,93.40,92.47,92.86,66147,99,N/A,38.0,4.148,-1.0
2017-03-21 15:41:14,ComponentInfo{com.netease.qa.emmagee/com.netease.qa.emmagee.activity.MainPageActivity},267.04,9.62,877.98,54.37,89.41,92.22,91.25,87.10,86.96,67271,99,N/A,38.0,4.148,-1.0
2017-03-21 15:41:19,ComponentInfo{com.netease.qa.emmagee/com.netease.qa.emmagee.activity.MainPageActivity},266.40,9.60,877.66,54.54,85.62,90.33,87.52,82.90,81.75,68378,99,N/A,38.0,4.148,-1.0
2017-03-21 15:41:25,ComponentInfo{com.netease.qa.emmagee/com.netease.qa.emmagee.activity.MainPageActivity},268.46,9.68,875.36,55.90,86.19,89.65,87.50,84.27,83.42,69505,98,N/A,38.7,4.155,-1.0
2017-03-21 15:41:31,ComponentInfo{com.netease.qa.emmagee/com.netease.qa.emmagee.activity.MainPageActivity},268.08,9.66,864.69,54.91,87.26,90.05,88.87,84.95,85.15,70663,98,N/A,38.7,4.155,-1.0
2017-03-21 15:41:38,ComponentInfo{com.netease.qa.emmagee/com.netease.qa.emmagee.activity.MainPageActivity},268.19,9.67,865.75,53.55,89.40,91.72,91.31,87.36,87.26,71821,98,N/A,38.7,4.155,-1.0
2017-03-21 15:41:44,ComponentInfo{com.netease.qa.emmagee/com.netease.qa.emmagee.activity.MainPageActivity},267.90,9.66,864.96,54.79,90.76,93.30,91.93,88.94,88.87,72972,98,N/A,38.7,4.155,-1.0
2017-03-21 15:41:50,ComponentInfo{com.netease.qa.emmagee/com.netease.qa.emmagee.activity.MainPageActivity},269.31,9.71,861.74,54.34,91.48,93.63,92.40,90.26,89.62,74130,98,N/A,38.7,4.155,-1.0
2017-03-21 15:41:56,ComponentInfo{com.netease.qa.emmagee/com.netease.qa.emmagee.activity.MainPageActivity},267.58,9.64,890.76,53.47,94.17,95.39,93.94,93.63,93.70,75253,98,N/A,38.7,4.155,-1.0
2017-03-21 15:42:02,ComponentInfo{com.netease.qa.emmagee/com.netease.qa.emmagee.activity.MainPageActivity},267.73,9.65,893.36,51.39,93.06,94.35,93.68,92.17,92.03,76401,98,N/A,38.7,4.155,-1.0
2017-03-21 15:42:08,ComponentInfo{com.netease.qa.emmagee/com.netease.qa.emmagee.activity.MainPageActivity},267.73,9.65,892.65,52.10,93.06,94.10,93.53,92.66,91.94,77518,98,N/A,39.0,4.144,-1.0
2017-03-21 15:42:14,ComponentInfo{com.netease.qa.emmagee/com.netease.qa.emmagee.activity.MainPageActivity},268.53,9.68,892.28,53.77,88.91,91.88,90.27,86.55,86.90,78663,98,N/A,39.0,4.144,-1.0
2017-03-21 15:42:20,ComponentInfo{com.netease.qa.emmagee/com.netease.qa.emmagee.activity.MainPageActivity},268.90,9.69,891.31,51.48,84.36,88.68,86.32,81.25,81.30,79647,98,N/A,39.0,4.144,-1.0
2017-03-21 15:42:26,ComponentInfo{com.netease.qa.emmagee/com.netease.qa.emmagee.activity.MainPageActivity},269.64,9.72,880.88,53.53,86.02,90.52,88.56,83.51,81.59,80813,98,N/A,39.0,4.144,-1.0
2017-03-21 15:42:32,ComponentInfo{com.netease.qa.emmagee/com.netease.qa.emmagee.activity.MainPageActivity},269.76,9.72,881.03,53.57,86.63,90.29,87.69,85.13,83.39,81939,98,N/A,39.0,4.144,-1.0
2017-03-21 15:42:38,ComponentInfo{com.netease.qa.emmagee/com.netease.qa.emmagee.activity.MainPageActivity},270.21,9.74,878.35,52.08,88.38,91.65,90.15,86.53,85.16,83098,98,N/A,39.0,4.144,-1.0
2017-03-21 15:42:43,ComponentInfo{com.netease.qa.emmagee/com.netease.qa.emmagee.activity.MainPageActivity},271.81,9.80,876.77,52.42,89.31,91.94,90.39,87.39,87.50,84211,98,N/A,39.0,4.144,-1.0
2017-03-21 15:42:49,ComponentInfo{com.netease.qa.emmagee/com.netease.qa.emmagee.activity.MainPageActivity},270.46,9.75,866.71,53.35,87.40,90.68,89.57,84.69,84.60,85380,98,N/A,39.0,4.144,-1.0
2017-03-21 15:42:55,ComponentInfo{com.netease.qa.emmagee/com.netease.qa.emmagee.activity.MainPageActivity},272.02,9.80,864.54,52.95,85.85,90.04,87.84,83.65,81.93,86473,98,N/A,39.0,4.144,-1.0
2017-03-21 15:43:01,ComponentInfo{com.netease.qa.emmagee/com.netease.qa.emmagee.activity.MainPageActivity},270.66,9.76,869.24,52.46,86.66,89.29,88.91,84.52,84.03,87586,98,N/A,39.0,4.144,-1.0
2017-03-21 15:43:07,ComponentInfo{com.netease.qa.emmagee/com.netease.qa.emmagee.activity.MainPageActivity},271.63,9.79,871.77,53.54,83.13,87.65,86.99,77.72,80.04,88726,97,N/A,39.7,4.139,-1.0
2017-03-21 15:43:13,ComponentInfo{com.netease.qa.emmagee/com.netease.qa.emmagee.activity.MainPageActivity},270.83,9.76,860.91,52.05,85.53,90.16,87.82,82.10,82.06,89837,97,N/A,39.7,4.139,-1.0
2017-03-21 15:43:19,ComponentInfo{com.netease.qa.emmagee/com.netease.qa.emmagee.activity.MainPageActivity},271.23,9.78,861.50,53.32,83.67,87.92,86.21,80.42,80.24,90952,97,N/A,39.7,4.139,-1.0
2017-03-21 15:43:25,ComponentInfo{com.netease.qa.emmagee/com.netease.qa.emmagee.activity.MainPageActivity},271.18,9.77,861.22,52.40,84.55,88.70,86.84,81.39,81.27,92057,97,N/A,39.7,4.139,-1.0
2017-03-21 15:43:30,ComponentInfo{com.netease.qa.emmagee/com.netease.qa.emmagee.activity.MainPageActivity},271.74,9.79,859.48,52.87,85.88,89.79,88.16,82.59,82.83,93168,97,N/A,39.7,4.139,-1.0
2017-03-21 15:43:36,ComponentInfo{com.netease.qa.emmagee/com.netease.qa.emmagee.activity.MainPageActivity},269.73,9.72,850.59,51.68,88.01,90.80,90.30,85.57,85.35,94256,97,N/A,39.7,4.139,-1.0
2017-03-21 15:43:42,ComponentInfo{com.netease.qa.emmagee/com.netease.qa.emmagee.activity.MainPageActivity},270.72,9.76,849.55,53.32,85.65,89.60,88.61,82.50,81.94,95418,97,N/A,39.7,4.139,-1.0
2017-03-21 15:43:48,ComponentInfo{com.netease.qa.emmagee/com.netease.qa.emmagee.activity.MainPageActivity},271.21,9.77,849.12,53.45,85.77,89.35,87.04,83.77,82.86,96524,97,N/A,39.7,4.139,-1.0
2017-03-21 15:43:54,ComponentInfo{com.netease.qa.emmagee/com.netease.qa.emmagee.activity.MainPageActivity},271.43,9.78,863.08,55.64,86.27,90.26,88.89,81.93,83.91,97701,97,N/A,39.7,4.139,-1.0
2017-03-21 15:44:00,ComponentInfo{com.netease.qa.emmagee/com.netease.qa.emmagee.activity.MainPageActivity},272.46,9.82,903.34,54.01,84.64,88.67,86.78,81.83,81.36,98815,97,N/A,39.7,4.139,-1.0
2017-03-21 15:44:06,ComponentInfo{com.netease.qa.emmagee/com.netease.qa.emmagee.activity.MainPageActivity},269.86,9.73,909.55,49.26,86.89,90.33,89.06,83.94,84.21,99961,97,N/A,40.2,4.129,-1.0
2017-03-21 15:44:12,ComponentInfo{com.netease.qa.emmagee/com.netease.qa.emmagee.activity.MainPageActivity},271.89,9.80,906.76,54.14,87.56,90.18,88.75,85.59,85.76,101088,97,N/A,40.2,4.129,-1.0
2017-03-21 15:44:18,ComponentInfo{com.netease.qa.emmagee/com.netease.qa.emmagee.activity.MainPageActivity},272.67,9.83,906.31,54.19,84.76,88.89,87.95,81.13,81.05,102205,97,N/A,40.2,4.129,-1.0
2017-03-21 15:44:24,ComponentInfo{com.netease.qa.emmagee/com.netease.qa.emmagee.activity.MainPageActivity},273.00,9.84,905.31,53.57,86.07,89.72,89.28,82.56,82.81,103341,97,N/A,40.2,4.129,-1.0
2017-03-21 15:44:30,ComponentInfo{com.netease.qa.emmagee/com.netease.qa.emmagee.activity.MainPageActivity},273.68,9.86,895.21,53.48,86.70,90.29,88.29,84.36,83.74,104443,97,N/A,40.2,4.129,-1.0
2017-03-21 15:44:36,ComponentInfo{com.netease.qa.emmagee/com.netease.qa.emmagee.activity.MainPageActivity},272.35,9.82,896.31,52.20,85.35,89.33,87.80,83.04,81.15,105496,97,N/A,40.2,4.129,-1.0
2017-03-21 15:44:41,ComponentInfo{com.netease.qa.emmagee/com.netease.qa.emmagee.activity.MainPageActivity},271.10,9.77,899.02,52.25,86.70,90.38,88.56,84.24,83.71,106610,97,N/A,40.2,4.129,-1.0
2017-03-21 15:44:47,ComponentInfo{com.netease.qa.emmagee/com.netease.qa.emmagee.activity.MainPageActivity},273.08,9.84,896.15,52.84,87.33,90.88,89.61,84.42,84.33,107726,96,N/A,40.5,4.127,-1.0
2017-03-21 15:44:53,ComponentInfo{com.netease.qa.emmagee/com.netease.qa.emmagee.activity.MainPageActivity},272.44,9.82,887.14,52.81,86.88,90.14,89.08,84.02,84.21,108840,96,N/A,40.5,4.127,-1.0
2017-03-21 15:44:59,ComponentInfo{com.netease.qa.emmagee/com.netease.qa.emmagee.activity.MainPageActivity},272.57,9.82,886.96,52.18,83.66,88.42,86.42,80.24,79.41,110067,96,N/A,40.5,4.127,-1.0
2017-03-21 15:45:05,ComponentInfo{com.netease.qa.emmagee/com.netease.qa.emmagee.activity.MainPageActivity},274.42,9.89,884.09,53.40,84.23,89.05,86.40,81.29,80.28,111169,96,N/A,40.5,4.127,-1.0
2017-03-21 15:45:11,ComponentInfo{com.netease.qa.emmagee/com.netease.qa.emmagee.activity.MainPageActivity},271.56,9.79,886.88,53.12,85.81,90.12,87.54,82.62,82.97,112322,96,N/A,40.5,4.127,-1.0
2017-03-21 15:45:17,ComponentInfo{com.netease.qa.emmagee/com.netease.qa.emmagee.activity.MainPageActivity},271.87,9.80,875.26,51.34,84.40,88.81,85.17,82.40,81.24,113417,96,N/A,40.5,4.127,-1.0
2017-03-21 15:45:23,ComponentInfo{com.netease.qa.emmagee/com.netease.qa.emmagee.activity.MainPageActivity},273.74,9.87,879.36,53.70,84.70,89.01,86.76,82.14,80.97,114555,96,N/A,40.5,4.127,-1.0
2017-03-21 15:45:28,ComponentInfo{com.netease.qa.emmagee/com.netease.qa.emmagee.activity.MainPageActivity},274.12,9.88,879.49,53.59,84.54,88.77,87.63,80.65,81.24,115694,96,N/A,40.5,4.127,-1.0
2017-03-21 15:45:34,ComponentInfo{com.netease.qa.emmagee/com.netease.qa.emmagee.activity.MainPageActivity},272.19,9.81,879.95,54.73,88.40,92.11,89.67,85.91,85.91,116844,96,N/A,40.5,4.127,-1.0
2017-03-21 15:45:40,ComponentInfo{com.netease.qa.emmagee/com.netease.qa.emmagee.activity.MainPageActivity},265.66,9.57,877.32,52.62,90.18,92.40,91.71,87.87,88.72,118026,96,N/A,41.0,4.129,-1.0
2017-03-21 15:45:47,ComponentInfo{com.netease.qa.emmagee/com.netease.qa.emmagee.activity.MainPageActivity},265.61,9.57,876.92,51.63,89.76,92.59,91.38,87.15,87.83,119157,96,N/A,41.0,4.129,-1.0
2017-03-21 15:45:52,ComponentInfo{com.netease.qa.emmagee/com.netease.qa.emmagee.activity.MainPageActivity},265.97,9.59,876.62,52.50,91.27,92.93,91.94,90.12,90.12,120291,96,N/A,41.0,4.129,-1.0
2017-03-21 15:45:58,ComponentInfo{com.netease.qa.emmagee/com.netease.qa.emmagee.activity.MainPageActivity},265.28,9.56,875.04,51.16,90.72,93.03,92.05,89.39,88.44,121439,96,N/A,41.0,4.129,-1.0
2017-03-21 15:46:05,ComponentInfo{com.netease.qa.emmagee/com.netease.qa.emmagee.activity.MainPageActivity},265.60,9.57,908.61,51.23,87.41,91.07,88.64,84.92,84.98,122576,96,N/A,41.0,4.129,-1.0
2017-03-21 15:46:11,ComponentInfo{com.netease.qa.emmagee/com.netease.qa.emmagee.activity.MainPageActivity},265.51,9.57,912.45,53.20,85.20,89.38,87.09,82.34,81.97,123763,96,N/A,41.0,4.129,-1.0
2017-03-21 15:46:16,ComponentInfo{com.netease.qa.emmagee/com.netease.qa.emmagee.activity.MainPageActivity},265.40,9.57,912.37,54.10,84.36,88.19,85.84,81.49,81.95,124832,96,N/A,41.0,4.129,-1.0
2017-03-21 15:46:22,ComponentInfo{com.netease.qa.emmagee/com.netease.qa.emmagee.activity.MainPageActivity},265.81,9.58,911.43,53.75,87.01,90.32,89.17,84.47,84.09,125952,96,N/A,41.0,4.129,-1.0
2017-03-21 15:46:29,ComponentInfo{com.netease.qa.emmagee/com.netease.qa.emmagee.activity.MainPageActivity},266.12,9.59,901.99,52.01,89.24,91.68,91.03,86.74,87.42,127143,96,N/A,41.0,4.129,-1.0
2017-03-21 15:46:35,ComponentInfo{com.netease.qa.emmagee/com.netease.qa.emmagee.activity.MainPageActivity},265.85,9.58,901.38,55.36,86.56,89.92,87.21,84.96,84.20,128303,95,N/A,41.2,4.121,-1.0
2017-03-21 15:46:41,ComponentInfo{com.netease.qa.emmagee/com.netease.qa.emmagee.activity.MainPageActivity},266.46,9.60,900.54,55.03,85.94,90.32,88.44,82.50,82.44,129460,95,N/A,41.2,4.121,-1.0
2017-03-21 15:46:47,ComponentInfo{com.netease.qa.emmagee/com.netease.qa.emmagee.activity.MainPageActivity},266.24,9.60,899.77,54.82,87.24,89.50,89.25,85.59,84.68,130627,95,N/A,41.2,4.121,-1.0
2017-03-21 15:46:53,ComponentInfo{com.netease.qa.emmagee/com.netease.qa.emmagee.activity.MainPageActivity},266.23,9.60,889.44,53.31,89.59,92.59,90.51,88.39,86.79,131782,95,N/A,41.2,4.121,-1.0
2017-03-21 15:46:59,ComponentInfo{com.netease.qa.emmagee/com.netease.qa.emmagee.activity.MainPageActivity},267.62,9.65,888.94,56.54,86.76,90.42,89.04,84.05,83.42,132959,95,N/A,41.2,4.121,-1.0
2017-03-21 15:47:05,ComponentInfo{com.netease.qa.emmagee/com.netease.qa.emmagee.activity.MainPageActivity},266.76,9.61,888.41,55.46,87.14,90.40,88.85,84.34,84.93,134094,95,N/A,41.2,4.121,-1.0
2017-03-21 15:47:11,ComponentInfo{com.netease.qa.emmagee/com.netease.qa.emmagee.activity.MainPageActivity},266.62,9.61,887.89,54.18,89.26,91.57,90.66,87.14,87.69,135231,95,N/A,41.2,4.121,-1.0
2017-03-21 15:47:17,ComponentInfo{com.netease.qa.emmagee/com.netease.qa.emmagee.activity.MainPageActivity},266.65,9.61,887.06,54.60,85.21,89.04,87.56,81.64,82.53,136366,95,N/A,41.2,4.121,-1.0
2017-03-21 15:47:23,ComponentInfo{com.netease.qa.emmagee/com.netease.qa.emmagee.activity.MainPageActivity},267.14,9.63,876.93,53.44,87.99,91.43,90.30,85.11,85.12,137490,94,N/A,41.7,4.119,-1.0
2017-03-21 15:47:29,ComponentInfo{com.netease.qa.emmagee/com.netease.qa.emmagee.activity.MainPageActivity},266.88,9.62,875.74,54.64,85.94,90.16,89.08,82.60,81.75,138600,94,N/A,41.7,4.119,-1.0
2017-03-21 15:47:35,ComponentInfo{com.netease.qa.emmagee/com.netease.qa.emmagee.activity.MainPageActivity},267.34,9.64,874.00,54.17,86.78,90.24,87.80,85.32,83.77,139662,94,N/A,41.7,4.119,-1.0
2017-03-21 15:47:41,ComponentInfo{com.netease.qa.emmagee/com.netease.qa.emmagee.activity.MainPageActivity},265.90,9.58,877.82,53.53,88.90,91.85,91.20,86.26,86.25,140872,94,N/A,41.7,4.119,-1.0
2017-03-21 15:47:47,ComponentInfo{com.netease.qa.emmagee/com.netease.qa.emmagee.activity.MainPageActivity},266.99,9.62,864.75,52.54,91.25,93.38,91.62,90.38,89.61,141944,94,N/A,41.7,4.119,-1.0
2017-03-21 15:47:53,ComponentInfo{com.netease.qa.emmagee/com.netease.qa.emmagee.activity.MainPageActivity},267.26,9.63,864.31,53.20,91.85,93.52,92.32,91.61,89.95,143092,94,N/A,41.7,4.119,-1.0
2017-03-21 15:47:59,ComponentInfo{com.netease.qa.emmagee/com.netease.qa.emmagee.activity.MainPageActivity},267.46,9.64,865.00,53.20,92.40,93.87,93.41,90.88,91.43,144278,94,N/A,41.7,4.119,-1.0
2017-03-21 15:48:05,ComponentInfo{com.netease.qa.emmagee/com.netease.qa.emmagee.activity.MainPageActivity},267.80,9.65,862.20,53.35,85.34,89.34,87.20,82.83,82.00,145388,94,N/A,41.7,4.119,-1.0
2017-03-21 15:48:11,ComponentInfo{com.netease.qa.emmagee/com.netease.qa.emmagee.activity.MainPageActivity},268.27,9.67,852.45,54.36,88.11,91.88,90.92,84.68,85.04,146553,94,N/A,41.7,4.119,-1.0
2017-03-21 15:48:17,ComponentInfo{com.netease.qa.emmagee/com.netease.qa.emmagee.activity.MainPageActivity},267.59,9.64,851.66,55.30,85.16,89.93,87.52,82.27,80.94,147704,94,N/A,41.7,4.119,-1.0
2017-03-21 15:48:23,ComponentInfo{com.netease.qa.emmagee/com.netease.qa.emmagee.activity.MainPageActivity},267.75,9.65,851.14,54.80,85.27,89.15,88.68,81.64,81.56,148770,94,N/A,42.0,4.106,-1.0
2017-03-21 15:48:29,ComponentInfo{com.netease.qa.emmagee/com.netease.qa.emmagee.activity.MainPageActivity},265.78,9.58,852.80,53.26,87.82,92.07,88.89,84.38,85.93,149933,94,N/A,42.0,4.106,-1.0
2017-03-21 15:48:35,ComponentInfo{com.netease.qa.emmagee/com.netease.qa.emmagee.activity.MainPageActivity},268.45,9.68,884.82,52.90,90.40,92.48,92.31,89.08,87.61,150993,94,N/A,42.0,4.106,-1.0
2017-03-21 15:48:40,ComponentInfo{com.netease.qa.emmagee/com.netease.qa.emmagee.activity.MainPageActivity},266.61,9.61,890.33,54.03,85.14,88.62,87.39,82.32,82.22,152081,94,N/A,42.0,4.106,-1.0
2017-03-21 15:48:47,ComponentInfo{com.netease.qa.emmagee/com.netease.qa.emmagee.activity.MainPageActivity},266.80,9.62,890.50,53.95,87.09,90.49,89.18,83.87,84.87,153233,94,N/A,42.0,4.106,-1.0
2017-03-21 15:48:53,ComponentInfo{com.netease.qa.emmagee/com.netease.qa.emmagee.activity.MainPageActivity},267.34,9.64,889.46,53.90,89.19,91.86,91.68,86.73,86.44,154367,94,N/A,42.0,4.106,-1.0
2017-03-21 15:48:59,ComponentInfo{com.netease.qa.emmagee/com.netease.qa.emmagee.activity.MainPageActivity},267.61,9.65,880.98,51.34,90.57,92.93,91.30,89.37,88.67,155504,94,N/A,42.0,4.106,-1.0
2017-03-21 15:49:05,ComponentInfo{com.netease.qa.emmagee/com.netease.qa.emmagee.activity.MainPageActivity},267.96,9.66,878.90,52.76,91.01,93.66,91.99,89.47,88.91,156629,94,N/A,42.0,4.106,-1.0
2017-03-21 15:49:11,ComponentInfo{com.netease.qa.emmagee/com.netease.qa.emmagee.activity.MainPageActivity},266.14,9.59,882.01,52.97,92.16,94.09,93.26,91.21,90.10,157813,94,N/A,42.0,4.106,-1.0
2017-03-21 15:49:17,ComponentInfo{com.netease.qa.emmagee/com.netease.qa.emmagee.activity.MainPageActivity},268.88,9.69,878.61,55.70,85.58,89.80,87.97,82.50,81.94,159002,94,N/A,42.0,4.106,-1.0
2017-03-21 15:49:23,ComponentInfo{com.netease.qa.emmagee/com.netease.qa.emmagee.activity.MainPageActivity},268.47,9.68,868.73,55.39,89.01,91.81,90.88,86.56,86.76,160114,93,N/A,42.0,4.096,-1.0
2017-03-21 15:49:29,ComponentInfo{com.netease.qa.emmagee/com.netease.qa.emmagee.activity.MainPageActivity},268.09,9.66,868.77,55.26,86.26,90.56,88.75,83.36,82.26,161202,93,N/A,42.0,4.096,-1.0
2017-03-21 15:49:34,ComponentInfo{com.netease.qa.emmagee/com.netease.qa.emmagee.activity.MainPageActivity},268.50,9.68,867.55,53.64,87.03,90.62,88.40,84.39,84.78,162282,93,N/A,42.0,4.096,-1.0
2017-03-21 15:49:40,ComponentInfo{com.netease.qa.emmagee/com.netease.qa.emmagee.activity.MainPageActivity},268.34,9.67,862.02,52.90,88.05,90.66,89.90,86.17,85.50,163387,93,N/A,42.0,4.096,-1.0
2017-03-21 15:49:47,ComponentInfo{com.netease.qa.emmagee/com.netease.qa.emmagee.activity.MainPageActivity},269.27,9.70,856.69,50.40,92.15,94.20,92.66,91.05,90.74,164557,93,N/A,42.0,4.096,-1.0
2017-03-21 15:49:53,ComponentInfo{com.netease.qa.emmagee/com.netease.qa.emmagee.activity.MainPageActivity},268.63,9.68,858.61,56.99,87.40,90.55,88.58,85.27,85.25,165786,93,N/A,42.0,4.096,-1.0
2017-03-21 15:49:59,ComponentInfo{com.netease.qa.emmagee/com.netease.qa.emmagee.activity.MainPageActivity},269.16,9.70,857.53,53.91,86.65,89.95,88.95,83.25,84.39,166867,93,N/A,42.0,4.096,-1.0
2017-03-21 15:50:05,ComponentInfo{com.netease.qa.emmagee/com.netease.qa.emmagee.activity.MainPageActivity},269.73,9.72,857.29,55.18,86.13,89.93,87.33,83.66,83.45,167968,93,N/A,42.0,4.101,-1.0
2017-03-21 15:50:11,ComponentInfo{com.netease.qa.emmagee/com.netease.qa.emmagee.activity.MainPageActivity},269.22,9.70,855.32,54.98,86.68,90.09,87.61,83.60,85.42,169114,93,N/A,42.0,4.101,-1.0
2017-03-21 15:50:17,ComponentInfo{com.netease.qa.emmagee/com.netease.qa.emmagee.activity.MainPageActivity},269.07,9.70,845.41,52.75,85.54,89.48,87.22,83.08,82.35,170199,93,N/A,42.0,4.101,-1.0
2017-03-21 15:50:22,ComponentInfo{com.netease.qa.emmagee/com.netease.qa.emmagee.activity.MainPageActivity},269.27,9.70,888.42,54.28,87.70,90.33,89.53,85.62,85.39,171307,93,N/A,42.0,4.101,-1.0
2017-03-21 15:50:28,ComponentInfo{com.netease.qa.emmagee/com.netease.qa.emmagee.activity.MainPageActivity},268.88,9.69,893.91,53.32,85.60,89.25,87.93,82.75,82.39,172411,93,N/A,42.0,4.101,-1.0
2017-03-21 15:50:34,ComponentInfo{com.netease.qa.emmagee/com.netease.qa.emmagee.activity.MainPageActivity},268.94,9.69,892.96,53.28,87.90,90.36,89.28,86.49,85.54,173430,93,N/A,42.0,4.101,-1.0
2017-03-21 15:50:40,ComponentInfo{com.netease.qa.emmagee/com.netease.qa.emmagee.activity.MainPageActivity},267.87,9.65,886.59,53.75,86.26,89.79,88.03,83.57,83.56,174614,93,N/A,42.0,4.101,-1.0
2017-03-21 15:50:46,ComponentInfo{com.netease.qa.emmagee/com.netease.qa.emmagee.activity.MainPageActivity},269.31,9.71,884.34,54.61,86.48,89.66,88.69,84.47,83.19,175709,93,N/A,42.0,4.101,-1.0
2017-03-21 15:50:52,ComponentInfo{com.netease.qa.emmagee/com.netease.qa.emmagee.activity.MainPageActivity},270.06,9.73,882.94,54.71,89.34,92.39,90.50,87.39,87.11,176851,93,N/A,42.0,4.101,-1.0
2017-03-21 15:50:58,ComponentInfo{com.netease.qa.emmagee/com.netease.qa.emmagee.activity.MainPageActivity},269.87,9.73,882.08,54.45,91.02,93.13,92.15,89.20,89.58,178020,93,N/A,42.0,4.101,-1.0
2017-03-21 15:51:04,ComponentInfo{com.netease.qa.emmagee/com.netease.qa.emmagee.activity.MainPageActivity},270.75,9.76,870.45,53.86,88.10,90.78,90.07,86.98,84.55,179154,92,N/A,42.0,4.09,-1.0
2017-03-21 15:51:10,ComponentInfo{com.netease.qa.emmagee/com.netease.qa.emmagee.activity.MainPageActivity},269.62,9.72,872.41,53.99,85.00,89.72,86.65,83.13,80.43,180232,92,N/A,42.0,4.09,-1.0
2017-03-21 15:51:16,ComponentInfo{com.netease.qa.emmagee/com.netease.qa.emmagee.activity.MainPageActivity},270.08,9.73,871.94,55.38,85.64,89.83,87.97,81.90,82.72,181388,92,N/A,42.0,4.09,-1.0
2017-03-21 15:51:21,ComponentInfo{com.netease.qa.emmagee/com.netease.qa.emmagee.activity.MainPageActivity},270.93,9.76,870.12,53.53,86.01,89.29,87.76,83.11,83.96,182454,92,N/A,42.0,4.09,-1.0
2017-03-21 15:51:27,ComponentInfo{com.netease.qa.emmagee/com.netease.qa.emmagee.activity.MainPageActivity},270.30,9.74,863.79,53.43,87.44,90.30,89.45,85.43,84.57,183571,92,N/A,42.0,4.09,-1.0
2017-03-21 15:51:33,ComponentInfo{com.netease.qa.emmagee/com.netease.qa.emmagee.activity.MainPageActivity},269.73,9.72,861.50,55.99,87.29,90.22,88.83,85.89,84.13,184706,92,N/A,42.0,4.09,-1.0
2017-03-21 15:51:39,ComponentInfo{com.netease.qa.emmagee/com.netease.qa.emmagee.activity.MainPageActivity},269.68,9.72,860.91,53.61,84.56,88.63,87.04,81.93,80.77,185810,92,N/A,42.0,4.09,-1.0
2017-03-21 15:51:45,ComponentInfo{com.netease.qa.emmagee/com.netease.qa.emmagee.activity.MainPageActivity},269.96,9.73,860.58,54.82,87.57,90.59,89.28,85.22,85.22,186961,92,N/A,42.0,4.09,-1.0
2017-03-21 15:51:51,ComponentInfo{com.netease.qa.emmagee/com.netease.qa.emmagee.activity.MainPageActivity},270.83,9.76,848.71,51.86,89.79,92.61,91.60,87.44,87.54,188085,92,N/A,42.0,4.09,-1.0
2017-03-21 15:51:57,ComponentInfo{com.netease.qa.emmagee/com.netease.qa.emmagee.activity.MainPageActivity},269.49,9.71,850.43,53.82,90.76,92.79,92.14,89.09,89.02,189194,92,N/A,42.0,4.09,-1.0
2017-03-21 15:52:03,ComponentInfo{com.netease.qa.emmagee/com.netease.qa.emmagee.activity.MainPageActivity},270.48,9.75,866.51,52.80,92.31,94.51,93.07,90.82,90.92,190321,92,N/A,42.2,4.084,-1.0
2017-03-21 15:52:09,ComponentInfo{com.netease.qa.emmagee/com.netease.qa.emmagee.activity.MainPageActivity},270.00,9.73,874.65,52.07,92.82,94.46,92.82,91.54,92.44,191463,92,N/A,42.2,4.084,-1.0
2017-03-21 15:52:15,ComponentInfo{com.netease.qa.emmagee/com.netease.qa.emmagee.activity.MainPageActivity},268.66,9.68,909.14,52.78,86.30,90.17,87.97,84.49,82.62,192636,92,N/A,42.2,4.084,-1.0
2017-03-21 15:52:21,ComponentInfo{com.netease.qa.emmagee/com.netease.qa.emmagee.activity.MainPageActivity},270.20,9.74,911.48,53.85,86.50,89.37,88.01,84.87,83.84,193834,92,N/A,42.2,4.084,-1.0
2017-03-21 15:52:27,ComponentInfo{com.netease.qa.emmagee/com.netease.qa.emmagee.activity.MainPageActivity},270.27,9.74,909.61,53.74,86.02,89.78,86.82,84.24,83.31,194924,92,N/A,42.2,4.084,-1.0
2017-03-21 15:52:33,ComponentInfo{com.netease.qa.emmagee/com.netease.qa.emmagee.activity.MainPageActivity},270.33,9.74,910.88,54.33,88.52,91.48,90.22,86.73,85.71,196086,92,N/A,42.2,4.084,-1.0
2017-03-21 15:52:39,ComponentInfo{com.netease.qa.emmagee/com.netease.qa.emmagee.activity.MainPageActivity},270.46,9.75,910.43,54.32,85.94,89.05,88.21,82.50,84.09,197311,91,N/A,42.5,4.075,-1.0
2017-03-21 15:52:45,ComponentInfo{com.netease.qa.emmagee/com.netease.qa.emmagee.activity.MainPageActivity},270.29,9.74,902.50,52.83,86.22,89.74,87.71,83.22,84.16,198417,91,N/A,42.5,4.075,-1.0
2017-03-21 15:52:51,ComponentInfo{com.netease.qa.emmagee/com.netease.qa.emmagee.activity.MainPageActivity},270.38,9.74,902.19,54.13,85.97,89.54,87.87,83.83,82.68,199537,91,N/A,42.5,4.075,-1.0
2017-03-21 15:52:57,ComponentInfo{com.netease.qa.emmagee/com.netease.qa.emmagee.activity.MainPageActivity},271.41,9.78,901.41,53.49,88.35,91.13,89.71,86.37,86.22,200674,91,N/A,42.5,4.075,-1.0
2017-03-21 15:53:03,ComponentInfo{com.netease.qa.emmagee/com.netease.qa.emmagee.activity.MainPageActivity},269.25,9.70,903.28,52.74,89.18,91.60,91.03,87.11,86.94,201900,91,N/A,42.5,4.075,-1.0
2017-03-21 15:53:09,ComponentInfo{com.netease.qa.emmagee/com.netease.qa.emmagee.activity.MainPageActivity},271.27,9.78,889.70,52.39,91.59,93.91,92.71,90.00,89.67,203087,91,N/A,42.5,4.075,-1.0
2017-03-21 15:53:15,ComponentInfo{com.netease.qa.emmagee/com.netease.qa.emmagee.activity.MainPageActivity},271.01,9.77,889.88,54.42,87.41,90.65,88.93,85.06,84.97,204243,91,N/A,42.5,4.075,-1.0
2017-03-21 15:53:21,ComponentInfo{com.netease.qa.emmagee/com.netease.qa.emmagee.activity.MainPageActivity},271.65,9.79,889.54,54.20,84.02,87.26,86.55,80.45,81.80,205492,91,N/A,42.5,4.075,-1.0
2017-03-21 15:53:27,ComponentInfo{com.netease.qa.emmagee/com.netease.qa.emmagee.activity.MainPageActivity},272.30,9.81,891.62,54.88,87.23,90.88,89.30,84.45,84.39,206566,91,N/A,42.5,4.075,-1.0
2017-03-21 15:53:32,ComponentInfo{com.netease.qa.emmagee/com.netease.qa.emmagee.activity.MainPageActivity},269.89,9.73,884.53,51.95,89.06,91.64,90.26,87.61,86.85,207702,91,N/A,42.5,4.075,-1.0
2017-03-21 15:53:39,ComponentInfo{com.netease.qa.emmagee/com.netease.qa.emmagee.activity.MainPageActivity},271.16,9.77,881.89,53.73,90.93,93.08,92.09,90.00,88.52,208999,91,N/A,42.5,4.064,-1.0
2017-03-21 15:53:45,ComponentInfo{com.netease.qa.emmagee/com.netease.qa.emmagee.activity.MainPageActivity},271.30,9.78,880.81,53.58,91.68,93.49,92.54,90.59,90.15,210151,91,N/A,42.5,4.064,-1.0
2017-03-21 15:53:51,ComponentInfo{com.netease.qa.emmagee/com.netease.qa.emmagee.activity.MainPageActivity},273.43,9.85,877.24,52.84,92.60,94.13,92.73,92.23,91.28,211317,91,N/A,42.5,4.064,-1.0
2017-03-21 15:53:57,ComponentInfo{com.netease.qa.emmagee/com.netease.qa.emmagee.activity.MainPageActivity},274.67,9.90,867.41,55.30,87.66,91.48,89.84,84.68,84.66,212560,91,N/A,42.5,4.064,-1.0
2017-03-21 15:54:03,ComponentInfo{com.netease.qa.emmagee/com.netease.qa.emmagee.activity.MainPageActivity},272.38,9.82,868.49,55.20,87.11,91.02,88.93,84.78,83.71,213731,91,N/A,42.5,4.064,-1.0
2017-03-21 15:54:09,ComponentInfo{com.netease.qa.emmagee/com.netease.qa.emmagee.activity.MainPageActivity},273.07,9.84,902.57,52.62,89.77,92.19,90.97,88.07,87.80,214860,91,N/A,42.5,4.064,-1.0
2017-03-21 15:54:15,ComponentInfo{com.netease.qa.emmagee/com.netease.qa.emmagee.activity.MainPageActivity},271.90,9.80,909.00,54.67,86.26,90.27,87.74,83.80,83.13,216030,91,N/A,42.5,4.064,-1.0
2017-03-21 15:54:21,ComponentInfo{com.netease.qa.emmagee/com.netease.qa.emmagee.activity.MainPageActivity},270.88,9.76,903.50,52.85,86.21,90.43,87.99,83.33,82.95,217250,91,N/A,42.5,4.064,-1.0
2017-03-21 15:54:26,ComponentInfo{com.netease.qa.emmagee/com.netease.qa.emmagee.activity.MainPageActivity},270.84,9.76,902.28,52.48,82.96,88.18,86.82,77.64,79.12,218340,91,N/A,42.5,4.064,-1.0
2017-03-21 15:54:32,ComponentInfo{com.netease.qa.emmagee/com.netease.qa.emmagee.activity.MainPageActivity},270.43,9.75,902.69,51.36,85.17,89.10,87.59,82.32,81.74,219483,91,N/A,42.5,4.064,-1.0
2017-03-21 15:54:38,ComponentInfo{com.netease.qa.emmagee/com.netease.qa.emmagee.activity.MainPageActivity},272.17,9.81,901.05,51.54,83.67,88.09,87.28,79.51,79.72,220694,90,N/A,42.5,4.066,-1.0
2017-03-21 15:54:44,ComponentInfo{com.netease.qa.emmagee/com.netease.qa.emmagee.activity.MainPageActivity},271.92,9.80,894.05,51.37,85.28,89.49,87.62,82.16,81.82,221940,90,N/A,42.5,4.066,-1.0
2017-03-21 15:54:50,ComponentInfo{com.netease.qa.emmagee/com.netease.qa.emmagee.activity.MainPageActivity},272.93,9.84,893.69,52.95,83.28,87.63,86.51,79.82,79.20,223075,90,N/A,42.5,4.066,-1.0
2017-03-21 15:54:56,ComponentInfo{com.netease.qa.emmagee/com.netease.qa.emmagee.activity.MainPageActivity},273.19,9.85,894.69,52.74,85.61,89.72,88.40,81.72,82.49,224265,90,N/A,42.5,4.066,-1.0
2017-03-21 15:55:02,ComponentInfo{com.netease.qa.emmagee/com.netease.qa.emmagee.activity.MainPageActivity},273.27,9.85,893.19,51.83,84.93,89.02,87.35,81.91,81.38,225428,90,N/A,42.5,4.066,-1.0
2017-03-21 15:55:08,ComponentInfo{com.netease.qa.emmagee/com.netease.qa.emmagee.activity.MainPageActivity},273.53,9.86,893.36,52.52,83.67,87.89,85.69,80.42,80.66,226691,90,N/A,42.5,4.069,-1.0
2017-03-21 15:55:14,ComponentInfo{com.netease.qa.emmagee/com.netease.qa.emmagee.activity.MainPageActivity},272.32,9.81,883.38,51.85,84.92,89.53,88.35,81.15,80.66,227828,90,N/A,42.5,4.069,-1.0
2017-03-21 15:55:19,ComponentInfo{com.netease.qa.emmagee/com.netease.qa.emmagee.activity.MainPageActivity},273.47,9.86,882.16,52.85,84.47,88.98,87.28,81.13,80.35,229053,90,N/A,42.5,4.069,-1.0
2017-03-21 15:55:25,ComponentInfo{com.netease.qa.emmagee/com.netease.qa.emmagee.activity.MainPageActivity},272.72,9.83,881.53,51.47,85.61,89.41,88.21,82.77,82.00,230108,90,N/A,42.5,4.069,-1.0
2017-03-21 15:55:31,ComponentInfo{com.netease.qa.emmagee/com.netease.qa.emmagee.activity.MainPageActivity},273.11,9.84,880.72,51.92,86.93,90.61,89.44,84.01,83.73,231193,90,N/A,42.5,4.069,-1.0
2017-03-21 15:55:38,ComponentInfo{com.netease.qa.emmagee/com.netease.qa.emmagee.activity.MainPageActivity},288.44,10.40,843.41,60.26,95.48,96.57,95.56,94.80,94.99,232972,90,N/A,42.5,4.058,-1.0
2017-03-21 15:55:44,ComponentInfo{com.netease.qa.emmagee/com.netease.qa.emmagee.activity.MainPageActivity},278.26,10.03,848.85,56.69,87.55,90.51,89.95,85.48,84.24,234301,89,N/A,42.5,4.058,-1.0
2017-03-21 15:55:50,ComponentInfo{com.netease.qa.emmagee/com.netease.qa.emmagee.activity.MainPageActivity},267.98,9.66,860.02,52.57,85.78,89.51,87.95,83.28,82.30,235443,89,N/A,42.5,4.058,-1.0
2017-03-21 15:55:56,ComponentInfo{com.netease.qa.emmagee/com.netease.qa.emmagee.activity.MainPageActivity},267.23,9.63,860.46,50.60,85.51,89.60,87.74,82.67,81.88,236565,89,N/A,42.5,4.058,-1.0
2017-03-21 15:56:02,ComponentInfo{com.netease.qa.emmagee/com.netease.qa.emmagee.activity.MainPageActivity},267.08,9.63,849.91,50.19,84.11,87.89,87.14,81.23,80.30,237787,89,N/A,42.5,4.058,-1.0
2017-03-21 15:56:08,ComponentInfo{com.netease.qa.emmagee/com.netease.qa.emmagee.activity.MainPageActivity},267.46,9.64,849.16,51.72,82.46,87.36,84.79,78.61,79.14,238879,89,N/A,42.5,4.058,-1.0
2017-03-21 15:56:14,ComponentInfo{com.netease.qa.emmagee/com.netease.qa.emmagee.activity.MainPageActivity},269.02,9.70,846.68,53.29,83.35,87.48,87.17,79.65,79.07,240009,89,N/A,42.5,4.058,-1.0
2017-03-21 15:56:19,ComponentInfo{com.netease.qa.emmagee/com.netease.qa.emmagee.activity.MainPageActivity},268.76,9.69,845.45,53.25,84.39,88.54,87.83,80.88,80.38,241141,89,N/A,42.5,4.058,-1.0
2017-03-21 15:56:25,ComponentInfo{com.netease.qa.emmagee/com.netease.qa.emmagee.activity.MainPageActivity},269.13,9.70,887.88,51.98,90.07,92.28,91.68,88.68,87.65,242318,89,N/A,42.5,4.058,-1.0
2017-03-21 15:56:31,ComponentInfo{com.netease.qa.emmagee/com.netease.qa.emmagee.activity.MainPageActivity},268.93,9.69,897.45,51.93,88.61,90.89,90.53,87.04,85.98,243426,89,N/A,42.5,4.058,-1.0
2017-03-21 15:56:37,ComponentInfo{com.netease.qa.emmagee/com.netease.qa.emmagee.activity.MainPageActivity},268.56,9.68,897.10,50.84,89.18,91.79,90.07,87.25,87.60,244563,89,N/A,42.5,4.058,-1.0
2017-03-21 15:56:44,ComponentInfo{com.netease.qa.emmagee/com.netease.qa.emmagee.activity.MainPageActivity},268.31,9.67,897.02,51.36,90.86,92.99,91.92,89.02,89.53,245666,89,N/A,42.5,4.037,-1.0
2017-03-21 15:56:50,ComponentInfo{com.netease.qa.emmagee/com.netease.qa.emmagee.activity.MainPageActivity},267.82,9.65,890.54,52.10,92.01,93.30,93.09,90.89,90.76,246831,89,N/A,42.5,4.037,-1.0
2017-03-21 15:56:55,ComponentInfo{com.netease.qa.emmagee/com.netease.qa.emmagee.activity.MainPageActivity},267.98,9.66,888.65,54.51,85.85,89.44,87.98,82.22,83.72,247926,89,N/A,42.5,4.037,-1.0
2017-03-21 15:57:01,ComponentInfo{com.netease.qa.emmagee/com.netease.qa.emmagee.activity.MainPageActivity},268.35,9.67,888.64,53.34,86.26,89.88,88.18,83.57,83.39,249037,89,N/A,42.5,4.037,-1.0
2017-03-21 15:57:07,ComponentInfo{com.netease.qa.emmagee/com.netease.qa.emmagee.activity.MainPageActivity},268.33,9.67,888.94,54.13,89.65,92.79,91.33,87.54,86.95,250232,89,N/A,42.5,4.037,-1.0
2017-03-21 15:57:13,ComponentInfo{com.netease.qa.emmagee/com.netease.qa.emmagee.activity.MainPageActivity},268.33,9.67,879.15,54.64,89.74,92.48,90.64,87.88,87.92,251411,89,N/A,42.5,4.037,-1.0
2017-03-21 15:57:19,ComponentInfo{com.netease.qa.emmagee/com.netease.qa.emmagee.activity.MainPageActivity},265.95,9.59,880.50,54.10,84.89,89.41,86.83,81.93,81.32,252525,89,N/A,42.5,4.037,-1.0
2017-03-21 15:57:25,ComponentInfo{com.netease.qa.emmagee/com.netease.qa.emmagee.activity.MainPageActivity},266.09,9.59,879.98,53.32,85.39,89.72,88.54,81.80,81.40,253616,89,N/A,42.5,4.037,-1.0
2017-03-21 15:57:31,ComponentInfo{com.netease.qa.emmagee/com.netease.qa.emmagee.activity.MainPageActivity},266.68,9.61,878.68,51.42,87.26,90.05,88.91,85.17,84.83,254745,89,N/A,42.5,4.037,-1.0
2017-03-21 15:57:36,ComponentInfo{com.netease.qa.emmagee/com.netease.qa.emmagee.activity.MainPageActivity},266.93,9.62,869.08,53.11,83.78,88.70,86.08,80.59,79.65,255964,88,N/A,42.5,4.053,-1.0
2017-03-21 15:57:42,ComponentInfo{com.netease.qa.emmagee/com.netease.qa.emmagee.activity.MainPageActivity},266.87,9.62,868.34,53.12,84.27,89.02,87.35,81.12,79.55,257132,88,N/A,42.5,4.053,-1.0
2017-03-21 15:57:48,ComponentInfo{com.netease.qa.emmagee/com.netease.qa.emmagee.activity.MainPageActivity},267.29,9.63,867.41,53.19,84.96,88.83,87.63,81.90,81.44,258278,88,N/A,42.5,4.053,-1.0
2017-03-21 15:57:54,ComponentInfo{com.netease.qa.emmagee/com.netease.qa.emmagee.activity.MainPageActivity},267.38,9.64,866.74,52.91,87.85,91.50,90.00,85.59,84.27,259465,88,N/A,42.5,4.053,-1.0
2017-03-21 15:58:00,ComponentInfo{com.netease.qa.emmagee/com.netease.qa.emmagee.activity.MainPageActivity},267.62,9.65,866.59,50.27,88.76,91.47,90.22,86.36,87.00,260614,88,N/A,42.5,4.053,-1.0
2017-03-21 15:58:06,ComponentInfo{com.netease.qa.emmagee/com.netease.qa.emmagee.activity.MainPageActivity},267.58,9.64,855.75,51.03,84.01,87.48,86.32,81.80,80.53,261700,88,N/A,42.5,4.053,-1.0
2017-03-21 15:58:12,ComponentInfo{com.netease.qa.emmagee/com.netease.qa.emmagee.activity.MainPageActivity},267.35,9.64,855.30,51.34,84.14,88.55,87.57,80.62,80.00,262797,88,N/A,42.5,4.053,-1.0
2017-03-21 15:58:18,ComponentInfo{com.netease.qa.emmagee/com.netease.qa.emmagee.activity.MainPageActivity},267.63,9.65,856.97,51.28,81.71,86.67,84.96,76.25,78.93,263972,88,N/A,42.5,4.053,-1.0
2017-03-21 15:58:23,ComponentInfo{com.netease.qa.emmagee/com.netease.qa.emmagee.activity.MainPageActivity},268.17,9.67,860.09,51.30,83.03,87.24,85.79,80.75,78.27,265073,88,N/A,42.5,4.053,-1.0
2017-03-21 15:58:29,ComponentInfo{com.netease.qa.emmagee/com.netease.qa.emmagee.activity.MainPageActivity},267.78,9.65,890.48,51.66,89.86,93.04,90.69,87.79,87.99,266300,88,N/A,42.5,4.053,-1.0
2017-03-21 15:58:35,ComponentInfo{com.netease.qa.emmagee/com.netease.qa.emmagee.activity.MainPageActivity},268.20,9.67,894.93,52.14,88.38,91.75,89.86,85.42,86.50,267482,88,N/A,42.5,4.047,-1.0
2017-03-21 15:58:41,ComponentInfo{com.netease.qa.emmagee/com.netease.qa.emmagee.activity.MainPageActivity},268.06,9.66,893.74,52.02,89.15,92.62,90.67,87.33,85.96,268579,88,N/A,42.5,4.047,-1.0
2017-03-21 15:58:47,ComponentInfo{com.netease.qa.emmagee/com.netease.qa.emmagee.activity.MainPageActivity},268.31,9.67,893.09,50.96,89.85,92.15,91.40,87.92,87.86,269670,88,N/A,42.5,4.047,-1.0
2017-03-21 15:58:53,ComponentInfo{com.netease.qa.emmagee/com.netease.qa.emmagee.activity.MainPageActivity},268.53,9.68,885.93,49.65,89.69,92.19,90.28,88.04,88.27,270970,88,N/A,42.5,4.047,-1.0
2017-03-21 15:58:59,ComponentInfo{com.netease.qa.emmagee/com.netease.qa.emmagee.activity.MainPageActivity},268.32,9.67,884.62,51.38,83.09,88.34,86.56,79.47,77.99,272179,88,N/A,42.5,4.047,-1.0
2017-03-21 15:59:05,ComponentInfo{com.netease.qa.emmagee/com.netease.qa.emmagee.activity.MainPageActivity},268.52,9.68,884.46,50.47,84.69,88.95,87.44,81.66,80.76,273338,88,N/A,42.5,4.047,-1.0
2017-03-21 15:59:11,ComponentInfo{com.netease.qa.emmagee/com.netease.qa.emmagee.activity.MainPageActivity},268.36,9.67,884.84,51.56,87.73,91.25,90.00,85.08,84.62,274563,88,N/A,42.5,4.047,-1.0
2017-03-21 15:59:17,ComponentInfo{com.netease.qa.emmagee/com.netease.qa.emmagee.activity.MainPageActivity},268.51,9.68,875.25,51.16,83.30,88.09,86.93,79.61,78.43,275822,88,N/A,42.5,4.047,-1.0
2017-03-21 15:59:22,ComponentInfo{com.netease.qa.emmagee/com.netease.qa.emmagee.activity.MainPageActivity},268.50,9.68,870.83,50.87,85.30,89.66,87.06,82.99,81.47,276965,88,N/A,42.5,4.047,-1.0
2017-03-21 15:59:28,ComponentInfo{com.netease.qa.emmagee/com.netease.qa.emmagee.activity.MainPageActivity},268.58,9.68,870.31,51.34,86.60,90.48,89.17,83.39,83.33,278154,88,N/A,42.5,4.047,-1.0
2017-03-21 15:59:34,ComponentInfo{com.netease.qa.emmagee/com.netease.qa.emmagee.activity.MainPageActivity},268.38,9.67,870.27,51.95,84.91,89.08,88.04,81.26,81.30,279333,87,N/A,42.5,4.035,-1.0
2017-03-21 15:59:40,ComponentInfo{com.netease.qa.emmagee/com.netease.qa.emmagee.activity.MainPageActivity},268.59,9.68,869.11,51.13,82.82,88.46,86.23,78.62,77.82,280453,87,N/A,42.5,4.035,-1.0
2017-03-21 15:59:46,ComponentInfo{com.netease.qa.emmagee/com.netease.qa.emmagee.activity.MainPageActivity},268.69,9.68,859.85,49.04,87.99,90.99,89.88,85.31,85.74,281538,87,N/A,42.5,4.035,-1.0
2017-03-21 15:59:52,ComponentInfo{com.netease.qa.emmagee/com.netease.qa.emmagee.activity.MainPageActivity},268.75,9.69,858.77,50.90,84.35,88.96,87.22,80.74,80.45,282897,87,N/A,42.5,4.035,-1.0
2017-03-21 15:59:58,ComponentInfo{com.netease.qa.emmagee/com.netease.qa.emmagee.activity.MainPageActivity},269.28,9.71,858.52,51.27,81.75,86.48,84.60,78.20,77.64,284066,87,N/A,42.5,4.035,-1.0
2017-03-21 16:00:03,ComponentInfo{com.netease.qa.emmagee/com.netease.qa.emmagee.activity.MainPageActivity},269.02,9.70,858.21,51.34,83.87,87.70,85.71,81.87,80.18,285280,87,N/A,42.5,4.034,-1.0
2017-03-21 16:00:09,ComponentInfo{com.netease.qa.emmagee/com.netease.qa.emmagee.activity.MainPageActivity},268.46,9.68,847.52,49.67,86.06,89.36,88.61,83.89,82.42,286447,87,N/A,42.5,4.034,-1.0
2017-03-21 16:00:15,ComponentInfo{com.netease.qa.emmagee/com.netease.qa.emmagee.activity.MainPageActivity},267.99,9.66,847.93,52.22,83.26,87.22,85.82,79.86,80.27,287599,87,N/A,42.5,4.034,-1.0
2017-03-21 16:00:21,ComponentInfo{com.netease.qa.emmagee/com.netease.qa.emmagee.activity.MainPageActivity},268.09,9.66,848.08,52.17,82.49,88.10,85.17,77.61,79.02,288731,87,N/A,42.5,4.034,-1.0
2017-03-21 16:00:27,ComponentInfo{com.netease.qa.emmagee/com.netease.qa.emmagee.activity.MainPageActivity},268.61,9.68,846.79,52.27,83.31,88.60,86.47,79.51,78.61,289925,87,N/A,42.5,4.034,-1.0
2017-03-21 16:00:32,ComponentInfo{com.netease.qa.emmagee/com.netease.qa.emmagee.activity.MainPageActivity},268.73,9.69,838.73,52.98,85.52,89.46,88.31,82.44,81.93,291133,87,N/A,42.5,4.034,-1.0
2017-03-21 16:00:38,ComponentInfo{com.netease.qa.emmagee/com.netease.qa.emmagee.activity.MainPageActivity},269.13,9.70,841.16,51.58,84.90,88.58,86.98,82.11,82.02,292283,87,N/A,42.5,4.034,-1.0
2017-03-21 16:00:44,ComponentInfo{com.netease.qa.emmagee/com.netease.qa.emmagee.activity.MainPageActivity},268.66,9.68,841.43,51.27,86.06,88.81,88.01,83.25,84.21,293418,87,N/A,42.5,4.034,-1.0
2017-03-21 16:00:50,ComponentInfo{com.netease.qa.emmagee/com.netease.qa.emmagee.activity.MainPageActivity},269.28,9.71,839.92,51.25,88.47,92.05,90.00,85.69,86.11,294552,87,N/A,42.5,4.034,-1.0
2017-03-21 16:00:57,ComponentInfo{com.netease.qa.emmagee/com.netease.qa.emmagee.activity.MainPageActivity},269.52,9.71,876.75,50.50,92.61,94.32,93.44,91.55,91.08,295823,87,N/A,42.5,4.034,-1.0
2017-03-21 16:01:02,ComponentInfo{com.netease.qa.emmagee/com.netease.qa.emmagee.activity.MainPageActivity},269.64,9.72,881.43,53.15,82.58,87.63,84.93,79.09,78.69,296981,86,N/A,42.5,4.021,-1.0
2017-03-21 16:01:08,ComponentInfo{com.netease.qa.emmagee/com.netease.qa.emmagee.activity.MainPageActivity},268.62,9.68,882.02,51.91,83.11,87.74,86.62,79.08,78.91,298053,86,N/A,42.5,4.021,-1.0
2017-03-21 16:01:14,ComponentInfo{com.netease.qa.emmagee/com.netease.qa.emmagee.activity.MainPageActivity},269.11,9.70,880.58,51.08,83.13,87.67,85.62,80.17,79.15,299126,86,N/A,42.5,4.021,-1.0
2017-03-21 16:01:20,ComponentInfo{com.netease.qa.emmagee/com.netease.qa.emmagee.activity.MainPageActivity},269.10,9.70,873.48,52.20,84.29,89.50,87.10,80.28,80.31,300338,86,N/A,42.5,4.026,-1.0
2017-03-21 16:01:26,ComponentInfo{com.netease.qa.emmagee/com.netease.qa.emmagee.activity.MainPageActivity},269.51,9.71,876.25,50.23,86.56,89.73,87.59,84.27,84.63,301446,86,N/A,42.5,4.026,-1.0
2017-03-21 16:01:32,ComponentInfo{com.netease.qa.emmagee/com.netease.qa.emmagee.activity.MainPageActivity},269.66,9.72,875.30,50.71,87.90,90.99,89.74,86.11,84.76,302543,86,N/A,42.5,4.026,-1.0
2017-03-21 16:01:38,ComponentInfo{com.netease.qa.emmagee/com.netease.qa.emmagee.activity.MainPageActivity},269.89,9.73,875.14,51.26,89.37,92.24,91.18,87.13,86.87,303636,86,N/A,42.5,4.026,-1.0
2017-03-21 16:01:44,ComponentInfo{com.netease.qa.emmagee/com.netease.qa.emmagee.activity.MainPageActivity},270.13,9.74,874.32,52.33,91.11,93.34,91.83,89.73,89.53,304809,86,N/A,42.5,4.026,-1.0
2017-03-21 16:01:50,ComponentInfo{com.netease.qa.emmagee/com.netease.qa.emmagee.activity.MainPageActivity},269.88,9.73,864.74,49.22,91.77,93.96,92.18,90.68,90.24,305864,86,N/A,42.5,4.026,-1.0
2017-03-21 16:01:56,ComponentInfo{com.netease.qa.emmagee/com.netease.qa.emmagee.activity.MainPageActivity},269.69,9.72,864.20,49.87,91.41,93.46,92.58,90.12,89.50,306996,86,N/A,42.5,4.026,-1.0
2017-03-21 16:02:02,ComponentInfo{com.netease.qa.emmagee/com.netease.qa.emmagee.activity.MainPageActivity},269.66,9.72,863.99,50.58,88.01,91.30,89.85,85.66,85.15,308116,86,N/A,42.5,4.026,-1.0
2017-03-21 16:02:07,ComponentInfo{com.netease.qa.emmagee/com.netease.qa.emmagee.activity.MainPageActivity},269.71,9.72,863.36,51.45,82.30,87.70,84.94,77.31,78.97,309256,86,N/A,42.5,4.026,-1.0
2017-03-21 16:02:13,ComponentInfo{com.netease.qa.emmagee/com.netease.qa.emmagee.activity.MainPageActivity},270.20,9.74,852.56,50.82,84.84,89.37,87.24,81.60,81.25,310425,86,N/A,42.5,4.026,-1.0
2017-03-21 16:02:19,ComponentInfo{com.netease.qa.emmagee/com.netease.qa.emmagee.activity.MainPageActivity},270.14,9.74,855.21,50.42,82.35,86.93,84.96,79.43,77.98,311541,86,N/A,42.5,4.0,-1.0
2017-03-21 16:02:25,ComponentInfo{com.netease.qa.emmagee/com.netease.qa.emmagee.activity.MainPageActivity},270.63,9.75,854.44,51.43,85.19,89.29,87.46,82.62,81.49,312683,86,N/A,42.5,4.0,-1.0
2017-03-21 16:02:30,ComponentInfo{com.netease.qa.emmagee/com.netease.qa.emmagee.activity.MainPageActivity},269.74,9.72,855.08,50.44,83.53,88.67,87.30,79.48,78.69,313817,85,N/A,42.5,4.0,-1.0
2017-03-21 16:02:36,ComponentInfo{com.netease.qa.emmagee/com.netease.qa.emmagee.activity.MainPageActivity},269.56,9.72,887.81,49.07,85.16,88.77,87.37,82.45,82.06,314947,85,N/A,42.5,4.0,-1.0
2017-03-21 16:02:42,ComponentInfo{com.netease.qa.emmagee/com.netease.qa.emmagee.activity.MainPageActivity},270.10,9.73,892.00,50.22,83.99,88.03,86.47,81.21,80.32,316066,85,N/A,42.5,4.0,-1.0
2017-03-21 16:02:48,ComponentInfo{com.netease.qa.emmagee/com.netease.qa.emmagee.activity.MainPageActivity},269.79,9.72,890.88,49.07,85.53,89.83,88.08,82.23,81.94,317205,85,N/A,42.5,4.0,-1.0
2017-03-21 16:02:54,ComponentInfo{com.netease.qa.emmagee/com.netease.qa.emmagee.activity.MainPageActivity},270.22,9.74,890.35,49.65,87.68,90.86,89.49,85.09,85.19,318371,85,N/A,42.5,4.0,-1.0
2017-03-21 16:03:00,ComponentInfo{com.netease.qa.emmagee/com.netease.qa.emmagee.activity.MainPageActivity},270.02,9.73,882.97,48.43,89.61,92.13,91.99,87.56,86.74,319534,85,N/A,42.5,4.0,-1.0
2017-03-21 16:03:06,ComponentInfo{com.netease.qa.emmagee/com.netease.qa.emmagee.activity.MainPageActivity},270.13,9.74,882.82,52.17,83.86,88.81,87.01,80.55,79.04,320705,85,N/A,42.5,4.0,-1.0
2017-03-21 16:03:12,ComponentInfo{com.netease.qa.emmagee/com.netease.qa.emmagee.activity.MainPageActivity},270.40,9.75,882.41,53.40,84.30,89.23,87.48,80.90,79.75,321881,85,N/A,42.5,4.0,-1.0
2017-03-21 16:03:17,ComponentInfo{com.netease.qa.emmagee/com.netease.qa.emmagee.activity.MainPageActivity},270.37,9.74,881.03,51.02,82.15,87.11,85.31,78.66,77.54,323047,85,N/A,42.5,4.0,-1.0
2017-03-21 16:03:23,ComponentInfo{com.netease.qa.emmagee/com.netease.qa.emmagee.activity.MainPageActivity},270.18,9.74,881.58,51.87,82.80,88.37,85.21,78.90,78.71,324237,85,N/A,42.5,4.0,-1.0
2017-03-21 16:03:29,ComponentInfo{com.netease.qa.emmagee/com.netease.qa.emmagee.activity.MainPageActivity},270.55,9.75,870.98,51.63,86.91,90.49,88.81,83.63,84.67,325343,85,N/A,42.5,4.012,-1.0
2017-03-21 16:03:35,ComponentInfo{com.netease.qa.emmagee/com.netease.qa.emmagee.activity.MainPageActivity},270.92,9.76,869.47,51.94,88.04,90.94,90.70,85.89,84.62,326435,85,N/A,42.5,4.012,-1.0
2017-03-21 16:03:41,ComponentInfo{com.netease.qa.emmagee/com.netease.qa.emmagee.activity.MainPageActivity},270.67,9.76,869.51,51.08,89.67,91.88,91.05,88.10,87.65,327608,85,N/A,42.5,4.012,-1.0
2017-03-21 16:03:47,ComponentInfo{com.netease.qa.emmagee/com.netease.qa.emmagee.activity.MainPageActivity},270.90,9.76,868.79,50.82,90.11,92.65,91.30,88.03,88.40,328657,85,N/A,42.5,4.012,-1.0
2017-03-21 16:03:53,ComponentInfo{com.netease.qa.emmagee/com.netease.qa.emmagee.activity.MainPageActivity},271.49,9.78,857.47,51.33,86.30,90.65,87.89,83.67,82.99,329807,85,N/A,42.5,4.012,-1.0
2017-03-21 16:03:59,ComponentInfo{com.netease.qa.emmagee/com.netease.qa.emmagee.activity.MainPageActivity},271.31,9.78,857.90,52.04,84.45,88.66,87.59,81.82,79.93,330911,85,N/A,42.5,4.012,-1.0
2017-03-21 16:04:05,ComponentInfo{com.netease.qa.emmagee/com.netease.qa.emmagee.activity.MainPageActivity},271.71,9.79,857.00,50.91,85.92,89.65,87.80,83.25,83.13,332085,85,N/A,42.5,4.012,-1.0
2017-03-21 16:04:11,ComponentInfo{com.netease.qa.emmagee/com.netease.qa.emmagee.activity.MainPageActivity},271.22,9.78,855.80,49.70,86.88,90.88,88.34,83.74,84.46,333175,85,N/A,42.5,4.012,-1.0
2017-03-21 16:04:16,ComponentInfo{com.netease.qa.emmagee/com.netease.qa.emmagee.activity.MainPageActivity},271.49,9.78,846.59,53.31,85.03,88.65,87.63,82.87,81.07,334342,85,N/A,42.5,4.012,-1.0
2017-03-21 16:04:22,ComponentInfo{com.netease.qa.emmagee/com.netease.qa.emmagee.activity.MainPageActivity},271.71,9.79,853.42,52.42,85.73,89.48,87.97,82.59,82.91,335585,85,N/A,42.5,4.012,-1.0
2017-03-21 16:04:28,ComponentInfo{com.netease.qa.emmagee/com.netease.qa.emmagee.activity.MainPageActivity},271.88,9.80,855.79,51.91,86.32,90.12,88.56,82.90,83.45,336684,85,N/A,42.5,4.012,-1.0
2017-03-21 16:04:34,ComponentInfo{com.netease.qa.emmagee/com.netease.qa.emmagee.activity.MainPageActivity},271.79,9.80,855.07,53.79,83.24,87.90,86.95,79.93,78.08,337919,84,N/A,42.5,4.001,-1.0
2017-03-21 16:04:40,ComponentInfo{com.netease.qa.emmagee/com.netease.qa.emmagee.activity.MainPageActivity},271.64,9.79,844.81,52.18,87.29,89.98,88.89,85.15,85.11,339147,84,N/A,42.5,4.001,-1.0
2017-03-21 16:04:45,ComponentInfo{com.netease.qa.emmagee/com.netease.qa.emmagee.activity.MainPageActivity},271.71,9.79,844.34,52.50,88.30,91.62,90.38,86.48,84.66,340304,84,N/A,42.5,4.001,-1.0
2017-03-21 16:04:51,ComponentInfo{com.netease.qa.emmagee/com.netease.qa.emmagee.activity.MainPageActivity},272.04,9.80,842.20,51.93,88.72,91.47,90.45,86.49,86.51,341501,84,N/A,42.5,4.001,-1.0
2017-03-21 16:04:57,ComponentInfo{com.netease.qa.emmagee/com.netease.qa.emmagee.activity.MainPageActivity},271.81,9.80,842.16,53.11,83.29,88.11,86.69,78.36,79.90,342597,84,N/A,42.5,4.001,-1.0
2017-03-21 16:05:03,ComponentInfo{com.netease.qa.emmagee/com.netease.qa.emmagee.activity.MainPageActivity},272.25,9.81,872.02,51.31,85.44,89.27,87.63,82.47,82.46,343789,84,N/A,42.2,3.995,-1.0
2017-03-21 16:05:09,ComponentInfo{com.netease.qa.emmagee/com.netease.qa.emmagee.activity.MainPageActivity},272.37,9.82,881.93,50.36,85.34,89.41,87.82,82.08,82.11,344922,84,N/A,42.2,3.995,-1.0
2017-03-21 16:05:15,ComponentInfo{com.netease.qa.emmagee/com.netease.qa.emmagee.activity.MainPageActivity},272.45,9.82,880.48,51.18,82.07,86.73,85.25,78.35,78.01,346078,84,N/A,42.2,3.995,-1.0
2017-03-21 16:05:21,ComponentInfo{com.netease.qa.emmagee/com.netease.qa.emmagee.activity.MainPageActivity},272.25,9.81,879.77,50.11,82.22,87.43,85.13,78.35,77.90,347155,84,N/A,42.2,3.995,-1.0
2017-03-21 16:05:26,ComponentInfo{com.netease.qa.emmagee/com.netease.qa.emmagee.activity.MainPageActivity},272.61,9.83,880.23,51.07,85.83,90.59,88.21,82.34,82.20,348235,84,N/A,42.2,3.995,-1.0
2017-03-21 16:05:33,ComponentInfo{com.netease.qa.emmagee/com.netease.qa.emmagee.activity.MainPageActivity},271.70,9.79,876.20,50.19,91.99,94.02,92.95,90.89,90.12,349481,84,N/A,42.2,3.995,-1.0
2017-03-21 16:05:39,ComponentInfo{com.netease.qa.emmagee/com.netease.qa.emmagee.activity.MainPageActivity},268.37,9.67,873.65,47.55,93.62,95.21,94.85,92.63,91.81,350547,83,N/A,42.0,3.995,-1.0
2017-03-21 16:05:45,ComponentInfo{com.netease.qa.emmagee/com.netease.qa.emmagee.activity.MainPageActivity},268.29,9.67,865.94,49.96,96.91,97.36,96.55,96.85,96.86,351688,83,N/A,42.0,3.995,-1.0
2017-03-21 16:05:51,ComponentInfo{com.netease.qa.emmagee/com.netease.qa.emmagee.activity.MainPageActivity},266.96,9.62,868.63,49.21,93.51,95.15,93.77,92.57,92.54,352824,83,N/A,42.0,3.995,-1.0
2017-03-21 16:05:57,ComponentInfo{com.netease.qa.emmagee/com.netease.qa.emmagee.activity.MainPageActivity},267.31,9.63,857.61,50.92,86.96,90.51,89.13,83.97,84.18,353940,83,N/A,42.0,3.995,-1.0
2017-03-21 16:06:03,ComponentInfo{com.netease.qa.emmagee/com.netease.qa.emmagee.activity.MainPageActivity},267.15,9.63,858.68,52.20,83.83,88.53,86.28,79.82,80.74,355107,83,N/A,42.0,3.995,-1.0
2017-03-21 16:06:08,ComponentInfo{com.netease.qa.emmagee/com.netease.qa.emmagee.activity.MainPageActivity},267.23,9.63,857.45,52.70,83.53,88.05,86.04,80.14,79.72,356246,83,N/A,42.0,3.995,-1.0
2017-03-21 16:06:14,ComponentInfo{com.netease.qa.emmagee/com.netease.qa.emmagee.activity.MainPageActivity},267.50,9.64,855.93,51.48,84.98,89.55,87.02,82.13,81.21,357338,83,N/A,42.0,3.995,-1.0
2017-03-21 16:06:20,ComponentInfo{com.netease.qa.emmagee/com.netease.qa.emmagee.activity.MainPageActivity},268.33,9.67,847.91,51.13,85.17,89.61,87.30,82.17,81.61,358475,83,N/A,42.0,3.995,-1.0
2017-03-21 16:06:26,ComponentInfo{com.netease.qa.emmagee/com.netease.qa.emmagee.activity.MainPageActivity},268.03,9.66,846.79,53.05,84.25,88.89,86.15,80.14,81.83,359563,83,N/A,42.0,3.995,-1.0
2017-03-21 16:06:32,ComponentInfo{com.netease.qa.emmagee/com.netease.qa.emmagee.activity.MainPageActivity},268.60,9.68,846.21,52.71,86.52,90.24,88.28,83.82,83.73,360785,83,N/A,42.0,3.995,-1.0
2017-03-21 16:06:38,ComponentInfo{com.netease.qa.emmagee/com.netease.qa.emmagee.activity.MainPageActivity},268.72,9.69,846.07,51.47,87.96,91.06,90.07,85.08,85.62,361891,83,N/A,42.0,3.986,-1.0
2017-03-21 16:06:44,ComponentInfo{com.netease.qa.emmagee/com.netease.qa.emmagee.activity.MainPageActivity},268.57,9.68,839.36,51.51,90.07,93.24,90.64,88.25,88.10,363058,83,N/A,42.0,3.986,-1.0
2017-03-21 16:06:50,ComponentInfo{com.netease.qa.emmagee/com.netease.qa.emmagee.activity.MainPageActivity},268.63,9.68,838.30,52.50,84.69,89.30,87.89,80.63,80.95,364197,83,N/A,42.0,3.986,-1.0
2017-03-21 16:06:55,ComponentInfo{com.netease.qa.emmagee/com.netease.qa.emmagee.activity.MainPageActivity},269.00,9.70,838.69,53.63,83.93,88.28,86.56,80.87,80.17,365300,83,N/A,42.0,3.986,-1.0
2017-03-21 16:07:01,ComponentInfo{com.netease.qa.emmagee/com.netease.qa.emmagee.activity.MainPageActivity},269.16,9.70,838.78,53.51,84.40,88.35,86.64,81.41,81.18,366374,83,N/A,42.0,3.986,-1.0
2017-03-21 16:07:07,ComponentInfo{com.netease.qa.emmagee/com.netease.qa.emmagee.activity.MainPageActivity},269.36,9.71,875.13,52.13,86.10,89.43,87.39,84.24,83.48,367547,83,N/A,42.0,3.986,-1.0
2017-03-21 16:07:13,ComponentInfo{com.netease.qa.emmagee/com.netease.qa.emmagee.activity.MainPageActivity},269.77,9.72,877.45,53.19,85.93,89.80,88.16,83.78,81.90,368715,83,N/A,42.0,3.986,-1.0
2017-03-21 16:07:19,ComponentInfo{com.netease.qa.emmagee/com.netease.qa.emmagee.activity.MainPageActivity},269.51,9.71,877.29,52.67,84.14,88.77,86.40,80.41,81.10,369846,83,N/A,42.0,3.986,-1.0
2017-03-21 16:07:25,ComponentInfo{com.netease.qa.emmagee/com.netease.qa.emmagee.activity.MainPageActivity},269.67,9.72,875.84,53.72,85.35,89.51,88.30,81.75,81.77,370945,82,N/A,42.0,3.973,-1.0
2017-03-21 16:07:31,ComponentInfo{com.netease.qa.emmagee/com.netease.qa.emmagee.activity.MainPageActivity},269.98,9.73,876.93,50.51,83.11,87.65,85.62,79.63,79.60,372102,82,N/A,42.0,3.973,-1.0
2017-03-21 16:07:37,ComponentInfo{com.netease.qa.emmagee/com.netease.qa.emmagee.activity.MainPageActivity},264.12,9.52,890.50,50.69,88.89,91.91,89.58,87.67,86.49,373207,82,N/A,42.0,3.973,-1.0
2017-03-21 16:07:42,ComponentInfo{com.netease.qa.emmagee/com.netease.qa.emmagee.activity.MainPageActivity},273.07,9.84,895.56,13.57,37.26,43.74,38.13,35.66,31.61,373555,82,N/A,42.0,3.973,-1.0
注释:已知部分不支持的机型可在此查阅:https://github.com/NetEase/Emmagee/wiki/Some-devices-are-not-supported
电流: 小于0是放电大于0是充电
启动时间: 为空是应用已启动或者未搜集到启动时间
N/A: 不支持或者数据异常
